<?xml version="1.0"?>

<project name="ArtOfIllusion" default="dist" basedir=".">

  <!-- set global properties for this build -->
  <property name="src" value="ArtOfIllusion/src" />
  <property name="build" value="ArtOfIllusion/build" />
  <property name="docs" value="ArtOfIllusion/docs" />
  <property name="dist" value="." />
  <property name="beanshell" value="beanshell.jar" />
  <property name="buoy" value="Buoy.jar" />
  <property name="buoyx" value="Buoyx.jar" />
  <property name="jogl" value="lib/jogl.jar" />
  <property name="otherclasses" value="classes.jar" />
<!--  <property name="build.compiler" value="classic" /> -->

  <target name="init">
    <!-- Create the time stamp -->
    <tstamp/>
    <!-- Create the build directory structure used by compile -->
    <mkdir dir="${build}" />
    <!-- Create the docs directory structure used by documentation -->
    <mkdir dir="${docs}" />
  </target>

  <target name="compile" depends="init">
    <!-- Compile the java code from ${src} into ${build} -->
    <javac srcdir="${src}" destdir="${build}" classpath="${beanshell};${otherclasses};${buoy};${buoyx};${jogl}" debug="on" target="1.5" source="1.5" />
  </target>

  <target name="dist" depends="compile">
    <!-- Copy all necessary files into ${build}, then create the jar file -->
    <unjar src="${otherclasses}" dest="${build}" />
    <unjar src="${beanshell}" dest="${build}" />
    <unjar src="${buoy}" dest="${build}" />
    <unjar src="${buoyx}" dest="${build}" />
    <copy todir="${build}/artofillusion/Icons">
      <fileset dir="${src}/artofillusion/Icons" />
    </copy>
    <copy todir="${build}/artofillusion/titleImages">
      <fileset dir="${src}/artofillusion/titleImages" />
    </copy>
    <copy todir="${build}/artofillusion/ui/manipulatorIcons">
      <fileset dir="${src}/artofillusion/ui/manipulatorIcons" />
    </copy>
    <copy todir="${build}">
      <fileset dir="${src}" includes="*.properties" /> 
    </copy>
    <copy todir="${build}">
      <fileset dir="${src}" includes="keystrokes.xml" /> 
    </copy>
    <jar jarfile="${dist}/ArtOfIllusion.jar" basedir="${build}" manifest="${src}/MANIFEST.MF" />
  </target>

  <target name="docs" depends="init">
    <javadoc packagenames="artofillusion.*"
        sourcepath="${src}"
        classpath="${beanshell};${otherclasses};${buoy}"
        source="1.5"
        defaultexcludes="yes"
        destdir="${docs}"
        author="true"
        version="true"
        use="true"
        windowtitle="Art of Illusion Documentation"
	public="true">
      <doctitle><![CDATA[<h1>Art of Illusion</h1>]]></doctitle>
      <bottom><![CDATA[<i>Copyright &#169; 1999-2008 by Peter Eastman.</i>]]></bottom>
    </javadoc>
  </target>

  <target name="clean">
    <!-- Delete the ${build} and ${docs} directory trees -->
    <delete dir="${build}" />
    <delete dir="${docs}" />
  </target>
</project>

