<?xml version="1.0" standalone="yes"?>

<extension name="HelpPlugin" version="1.21">
  <author>Nik Trevallyn-Jones</author>
  <date>June 22, 2008</date>
  <beta>1</beta>
  <plugin class="nik777.aoi.HelpPlugin">
     <export method="getContext" id="artofillusion.HelpPlugin.getContext"/>

     <export method="register" id="artofillusion.HelpPlugin.register">
Register a GUI component for Context-Sensitive-Help. Registered components will
have their help displayed when the user invokes 'What's this?' on that component.

@param component the GUI component to register
@param id the mapped-id (in the HelpSet Map file) for this component
     </export>
     <export method="unregister" id="artofillusion.HelpPlugin.unregister">
Unregister a GUI component from Context-Sensitive-Help. Registered components
have their help displayed when the user invokes 'What's this?' on that component.

@param component the GUI component to unregister
     </export>
     <export method="show" id="artofillusion.HelpPlugin.show">
Show the Help window.
This method takes no arguments.
     </export>
     <export method="what" id="artofillusion.HelpPlugin.what">
Enable context-sensitive help. This produces the same effect as selecting 'What's this?' from the help menu.
This method takes no arguments.
     </export>
     <export method="huh" id="artofillusion.HelpPlugin.huh">
Show help for the current input field. This produces the same effect as hitting the 'Help' key (bound to F3 by default).
This method takes no arguments.
     </export>
  </plugin>

  <!-- temporary hack to force HelpPlugin to have a SearchlistClassLoader -->
<!-- <import name="Renderers" />  -->

  <external type="file" name="Help/AOIHelp.zip" association="bundled" 
     action="classpath" />
  <external type="file" name="Help/helpgui-1.1b.jar" association="bundled" 
     action="classpath" />
  <external type="file" name="Help/jhall.jar" association="bundled" 
     action="classpath" />
  <external type="file" name="Help/jhelpaction.jar" association="bundled" 
     action="classpath" />
  <external type="file" name="Help/pircbot.jar" association="bundled" 
     action="classpath" />

  <fileset>
     <file todir="Help">helpgui-1.1b.jar</file>
     <file todir="Help">pircbot.jar</file>
     <file todir="Help">jhall.jar</file>
     <file todir="Help">jhelpaction.jar</file>
     <file todir="Help">AOIHelp.zip</file>
  </fileset>

  <resource type="TranslateBundle" id="HelpPlugin" name="helpplugin" />
  <resource type="TranslateBundle" id="HelpPlugin" name="helpplugin_fr" locale="FR" />
  <resource type="TranslateBundle" id="HelpPlugin" name="helpplugin_de" locale="DE" />

  <description>
Help system
  </description>

  <comments>
This plugin adds a Help menu item to AOI, and provides the supporting help
viewer and search logic.
  </comments>

  <history>
     <log version="1.21" date="June 16, 2008" author="Nik TJ" >
- fixed Help beanshell scripts to match HelpPlugin exported methods
- internationalised the "Help | About" text
     </log>
     <log version="1.2" date="June 11, 2008" author="Nik TJ" >
- included French and German GUI translation files
     </log>
     <log version="1.1.26b1" date="April 5, 2008" author="Nik TJ" >
- Accomodate API changes in AOI 2.6
     </log>
     <log version="1.1b3" date="Nov 7, 2007" author="Nik TJ" >
- beta release
  -- in-line image feature deactivated until a better image viewer widget
     is incorporated.
  -- internationalisation of menus and GUI implemented
     </log>
     <log version="1.1b2" date="October 9, 2007" author="Nik TJ" >
 - More changes to LiveHelp
   -- links can be browsed in external browser (Firefox, IE, etc)
   -- Save button implemented
   -- Settings button implemented
   -- in-line images implemented
   -- /me chat finally working
     </log>
     <log version="1.1b1" date="Aug, 2007" author="Nik TJ" >
 - Changes to LiveHelp (chat client)
   -- rendering now in HTML
   -- cut-n-paste now supported
   -- URL parsed into hyperlinks
      -- clicking on a hyperlink browses the page in a separate tab
   -- any page (chat or web) can be printed directly
     </log>
     <log version="1.0" date="Aug, 2007" author="Nik TJ" >
 - code reorg for easier builds with AOI
 - LiveHelp now made a separate process, so AOI can be shut down, and the
   current chat session survives.
     </log>
     <log version="1.0" date="June, 2007" author="Nik TJ" >
- Updated to be compatible with AOI 2.5
- minor change to stop the first page being displayed in French
     </log>
     <log version="0.18" date="Jan 11, 2007" author="Nik TJ" >
- minor bug fix that could cause a null pointer
- made memory display in HelpAbout clearer
- source and build file rearranged to suit inclusion with AOI
     </log>

     <log version="0.16" date="Dec 10, 2006" author="Nik TJ" >
- fixing problems with inclusion of latest helpset translations.
     </log>

     <log version="0.15" date="Dec 8, 2006" author="Nik TJ" >
- updates to the French translation (more thanks to Francois!).
     </log>

     <log version="0.14b1" date="Dec 4, 2006" author="Nik TJ" >
- imported the French translation of the AOIHelp helpset - thanks Francois!
     </log>

     <log version="0.13b1" date="November 14, 2006" author="Nik TJ" >
- re-enabled the JavaHelp code as Sun have now (this morning) released JavaHelp
  under the GPL.
  -- The code attempts to switch gracefully from JavaHelp to HelpGUI if the
     JavaHelp jars are not found, but this doesn't actually work.
  -- text-search, context-sensitive help and ActiveLinks are available again.
     </log>

     <log version="0.12b1" date="November 13, 2006" author="Nik TJ" >
- port to HelpGUI viewer, and removal of all dependancies on Sun's JavaHelp.
  -- This is due to the restrictive and onerous requirements of Sun's JavaHelp Binary Licence.
  -- With this initial version, text-search, context-sensitive help and Object tags are unavailable.
     </log>

     <log version="0.11b1" date="November 1, 2006" author="Nik TJ" >
- initial release of the AOI chat client
- changed to use plugin resources for plugin helpsets
     </log>

     <log version="0.10b2" date="October 02, 2006" author="Nik TJ" >
- created default HowTo content
     </log>

     <log version="0.10b1" date="September 28, 2006" author="Nik TJ" >
- modified FurtherHelp.html to make all download links ActiveLinks
     </log>

     <log version="0.09b1" date="September 12, 2006" author="Nik TJ" >
- restructured AOIHelp to simplify multiple language support.
  -- created helpset projects for DE, IT, and ES locales.

- minor enhancement to better support an AOI locale different to the system locale.
     </log>

     <log version="0.08b1" date="September 8, 2006" author="Nik TJ" >
- replaced InstallBean class with generic ActiveLink class
     </log>

     <log version="0.07b1" date="September 7, 2006" author="Nik TJ" >
- added ability for buttons to download content using SPManager
     </log>

     <log version="0.06b1" date="September 4, 2006" author="Nik TJ" >
- more content
- added a small IRC client for IRC help.
     </log>

     <log version="0.05b1" date="September 4, 2006" author="Nik TJ" >
- more content:
  -- GettingStarted now done (first cut).
  -- Hourglass tutorial integrated (language issues still open)
  -- CSH ids now point into the documentation

     </log>

     <log version="0.04b1" date="August 2006" author="Nik TJ" >
- added further protection against missing files.
     </log>

     <log version="0.03" date="August 2006" author="Nik TJ" >
- fixes for CSH
  -- mapping entries now use double-quotes (JavaHelp doesn't recognise single quote)
  -- auto register LayoutWindow and DockableWidgets
  -- Key mappings moved to F1, F2, F3
  -- Help About completed

     </log>

     <log version="0.02" date="August 2006" author="Nik TJ" >
- fixes for windows
- added component registration methods, for CSH
- added keystroke mappings for help keys
- added support for plugin help
- added mapfile generation if a flag is set in the helpflags file

     </log>

     <log version="0.01" date="August 2006" author="Nik TJ" >
- initial coding
     </log>
  </history>
</extension>

